title,link
Behind the 2025 Brand Campaign: We All Need Someone to Make ...,https://www.adidas-group.com/en/magazine/behind-the-scenes/behind-the-2025-brand-campaign-we-all-need-someone-to-make-us-believe-you-got-this
Adidas Originals' New Campaign Focuses on Individuality - WWD,https://wwd.com/business-news/marketing-promotion/adidas-originals-campaign-marketing-1237044439/
"adidas and Stars Including Aitana Bonmatí, Anthony Edwards and ...",https://news.adidas.com/ss25/adidas-and-stars-including-aitana-bonmat---anthony-edwards-and-trinity-rodman-set-out-to-make-us-all/s/0f5753e5-b9a6-435c-a441-b2db44242a83
Adidas tackles sports sideline pressures with 'You Got This' campaign,https://www.marketingdive.com/news/adidas-sports-sideline-pressures-you-got-this-campaign/739779/
Individuality-Focused Brand Campaigns : adidas originals new ...,https://www.trendhunter.com/trends/adidas-originals-new-campaign
"ICYMI: Adidas Originals Reveals SS25 Campaign, Forever 21 Files ...",https://www.essence.com/fashion/icymi-adidas-originals-spring-summer-2025-campaign/
Behind the 2025 Brand Campaign: We All Need Someone to Make ...,https://www.linkedin.com/pulse/behind-2025-brand-campaign-we-all-need-someone-make-us-believe-ce85e
adidas reports strong results for 2024 and expects top,https://www.adidas-group.com/en/media/press-releases/adidas-reports-strong-results-for-2024-and-expects-top-and-bottom-line-momentum-to-continue-in-2025
adidas Brand Campaign,https://news.adidas.com/video/adidas-brand-campaign/a/f1c26f59-30e0-4059-af46-fce0c1ccda00
adidas Launches 'You Got This' Campaign - dscene,https://www.designscene.net/2025/02/adidas-campaign-you-got-this.html
